TF,Sources
AATF,RegNetwork|TRRUST
ABL1,RegNetwork|TRRUST
ABT1,RegNetwork
ABTB1,RegNetwork
ADNP,DoRothEA-A-B-C
AEBP1,RegNetwork
AEBP2,RegNetwork
AES,RegNetwork|TRRUST
AFF1,RegNetwork
AFF4,RegNetwork
AHR,RegNetwork|DoRothEA-A-B-C|TRRUST
AIP,RegNetwork|TRRUST
AIRE,RegNetwork|TRRUST
AKAP17A,RegNetwork
AKT1,RegNetwork
AKT2,RegNetwork
AKT3,RegNetwork
ALS2CR8,RegNetwork
ALX1,RegNetwork
ALX4,RegNetwork
ALYREF,RegNetwork
ANKRA2,RegNetwork
ANKRD1,RegNetwork|TRRUST
ANKRD2,RegNetwork
ANKRD6,RegNetwork
ANKRD7,RegNetwork
ANKS1A,RegNetwork
ANKS3,RegNetwork
ANKZF1,RegNetwork
APBB1,RegNetwork|TRRUST
APBB2,RegNetwork
APC,RegNetwork|TRRUST
APEX1,RegNetwork|TRRUST
AR,RegNetwork|DoRothEA-A-B-C|TRRUST
ARHGAP35,RegNetwork
ARID1A,RegNetwork|DoRothEA-A-B-C|TRRUST
ARID1B,RegNetwork|DoRothEA-A-B-C|TRRUST
ARID2,DoRothEA-A-B-C
ARID3A,RegNetwork|DoRothEA-A-B-C|TRRUST
ARID3B,RegNetwork
ARID4A,RegNetwork
ARID4B,RegNetwork
ARID5B,RegNetwork
ARNT,RegNetwork|DoRothEA-A-B-C|TRRUST
ARNT2,RegNetwork
ARNTL,RegNetwork|DoRothEA-A-B-C|TRRUST
ARNTL2,RegNetwork|DoRothEA-A-B-C|TRRUST
ARX,TRRUST
ASB4,RegNetwork
ASB6,RegNetwork
ASB8,RegNetwork
ASB9,RegNetwork
ASCC1,RegNetwork
ASCC2,RegNetwork
ASCC3,RegNetwork
ASCL1,RegNetwork|DoRothEA-A-B-C|TRRUST
ASCL2,RegNetwork
ASCL3,RegNetwork
ASH1L,RegNetwork|TRRUST
ASH2L,RegNetwork
ASXL1,TRRUST
ATF1,RegNetwork|DoRothEA-A-B-C|TRRUST
ATF2,RegNetwork|DoRothEA-A-B-C|TRRUST
ATF3,RegNetwork|DoRothEA-A-B-C|TRRUST
ATF4,RegNetwork|DoRothEA-A-B-C|TRRUST
ATF5,RegNetwork|DoRothEA-A-B-C|TRRUST
ATF6,RegNetwork|DoRothEA-A-B-C|TRRUST
ATF6B,RegNetwork
ATF7,RegNetwork|DoRothEA-A-B-C|TRRUST
ATF7IP,RegNetwork
ATM,RegNetwork|TRRUST
ATOH1,RegNetwork|DoRothEA-A-B-C|TRRUST
ATRX,RegNetwork|DoRothEA-A-B-C|TRRUST
BACH1,RegNetwork|DoRothEA-A-B-C|TRRUST
BACH2,RegNetwork|DoRothEA-A-B-C|TRRUST
BARD1,RegNetwork|TRRUST
BARX2,RegNetwork|TRRUST
BATF,RegNetwork|DoRothEA-A-B-C|TRRUST
BATF3,RegNetwork
BAZ1A,RegNetwork
BAZ1B,RegNetwork
BAZ2B,RegNetwork
BBC3,RegNetwork
BCL11A,RegNetwork|DoRothEA-A-B-C|TRRUST
BCL11B,RegNetwork
BCL3,RegNetwork|DoRothEA-A-B-C|TRRUST
BCL6,RegNetwork|DoRothEA-A-B-C|TRRUST
BCL6B,RegNetwork
BCLAF1,RegNetwork
BCOR,RegNetwork
BCR,RegNetwork
BDP1,RegNetwork|TRRUST
BHLHA15,RegNetwork
BHLHE22,DoRothEA-A-B-C
BHLHE40,RegNetwork|DoRothEA-A-B-C
BHLHE41,RegNetwork|TRRUST
BIN1,RegNetwork|TRRUST
BLZF1,RegNetwork
BMI1,RegNetwork|TRRUST
BMP2,RegNetwork
BMP4,RegNetwork
BMP6,RegNetwork
BMPR1A,RegNetwork
BMPR1B,RegNetwork
BPIFA1,RegNetwork
BPTF,RegNetwork|TRRUST
BRCA1,RegNetwork|TRRUST
BRCA2,RegNetwork|TRRUST
BRD1,RegNetwork
BRD2,RegNetwork
BRD7,RegNetwork|TRRUST
BRD8,RegNetwork
BRDT,RegNetwork
BRF1,RegNetwork
BRIP1,RegNetwork|TRRUST
BRPF1,TRRUST
BRWD1,RegNetwork
BTAF1,RegNetwork|TRRUST
BTF3,RegNetwork|TRRUST
BTG1,RegNetwork
BTG2,RegNetwork|TRRUST
C1D,RegNetwork
C21orf7,RegNetwork
CALCOCO1,RegNetwork
CAMP,RegNetwork
CBFA2T2,RegNetwork
CBFA2T3,RegNetwork|TRRUST
CBFB,RegNetwork|TRRUST
CBX3,RegNetwork
CBX4,RegNetwork
CBX7,RegNetwork|TRRUST
CBX8,RegNetwork|TRRUST
CCND1,RegNetwork
CDC5L,RegNetwork|TRRUST
CDCA7L,TRRUST
CDKN1A,RegNetwork
CDKN2A,RegNetwork
CDX1,RegNetwork|DoRothEA-A-B-C|TRRUST
CDX2,RegNetwork|DoRothEA-A-B-C|TRRUST
CDX4,RegNetwork
CEBPA,RegNetwork|DoRothEA-A-B-C|TRRUST
CEBPB,RegNetwork|DoRothEA-A-B-C|TRRUST
CEBPD,RegNetwork|DoRothEA-A-B-C|TRRUST
CEBPE,RegNetwork|DoRothEA-A-B-C|TRRUST
CEBPG,RegNetwork|DoRothEA-A-B-C|TRRUST
CEBPZ,RegNetwork|TRRUST
CELF3,RegNetwork
CENPB,RegNetwork
CENPK,RegNetwork
CERS2,RegNetwork
CHAF1A,RegNetwork
CHD1,RegNetwork
CHD4,RegNetwork|TRRUST
CHD8,RegNetwork|TRRUST
CIC,RegNetwork
CIITA,RegNetwork|TRRUST
CITED1,RegNetwork
CITED2,RegNetwork|TRRUST
CITED4,RegNetwork
CLASRP,RegNetwork
CLOCK,RegNetwork|DoRothEA-A-B-C|TRRUST
CNBP,RegNetwork|TRRUST
CNOT2,RegNetwork
CNOT3,RegNetwork
CNOT4,RegNetwork
CNOT6,RegNetwork
CNOT7,RegNetwork|TRRUST
CNOT8,RegNetwork|TRRUST
CNTRL,RegNetwork
COBRA1,RegNetwork
COIL,RegNetwork
COPS2,RegNetwork
COPS5,RegNetwork|TRRUST
CRABP2,RegNetwork|TRRUST
CREB1,RegNetwork|DoRothEA-A-B-C|TRRUST
CREB3,RegNetwork|DoRothEA-A-B-C|TRRUST
CREB3L1,RegNetwork|DoRothEA-A-B-C|TRRUST
CREB3L2,RegNetwork|DoRothEA-A-B-C
CREB3L3,RegNetwork
CREB3L4,RegNetwork|TRRUST
CREB5,RegNetwork|TRRUST
CREBBP,RegNetwork|TRRUST
CREBZF,RegNetwork
CREG1,RegNetwork|TRRUST
CREM,RegNetwork|DoRothEA-A-B-C|TRRUST
CRTC1,RegNetwork|TRRUST
CRX,RegNetwork|TRRUST
CRY1,RegNetwork
CSDA,RegNetwork
CSDE1,RegNetwork
CSRP2,RegNetwork
CSRP3,RegNetwork
CTBP1,RegNetwork|TRRUST
CTCF,RegNetwork|DoRothEA-A-B-C|TRRUST
CTCFL,DoRothEA-A-B-C|TRRUST
CTDP1,RegNetwork
CTDSPL,RegNetwork
CTNNB1,RegNetwork|TRRUST
CTNNBIP1,RegNetwork|TRRUST
CTNNBL1,RegNetwork
CTR9,RegNetwork
CUX1,RegNetwork|DoRothEA-A-B-C|TRRUST
CUX2,RegNetwork
CXXC1,RegNetwork
DAB2,RegNetwork
DACH1,RegNetwork|TRRUST
DACH2,RegNetwork
DAXX,RegNetwork|TRRUST
DAZAP2,RegNetwork
DBP,RegNetwork|TRRUST
DCP1A,RegNetwork
DDB1,RegNetwork|TRRUST
DDB2,RegNetwork|TRRUST
DDIT3,RegNetwork|DoRothEA-A-B-C|TRRUST
DDX20,RegNetwork
DDX5,RegNetwork|TRRUST
DDX54,RegNetwork
DEAF1,RegNetwork|DoRothEA-A-B-C|TRRUST
DEDD,RegNetwork|TRRUST
DEDD2,RegNetwork
DEK,RegNetwork|TRRUST
DENND4A,RegNetwork|TRRUST
DHX38,RegNetwork
DLX1,RegNetwork
DLX2,RegNetwork
DLX3,RegNetwork|TRRUST
DLX4,RegNetwork|TRRUST
DLX5,RegNetwork|TRRUST
DMAP1,RegNetwork|TRRUST
DMBX1,RegNetwork
DMRTB1,RegNetwork
DMTF1,RegNetwork
DNAJC2,RegNetwork
DNMT1,RegNetwork|DoRothEA-A-B-C|TRRUST
DNMT3A,RegNetwork|TRRUST
DNMT3B,DoRothEA-A-B-C
DNMT3L,RegNetwork|TRRUST
DOT1L,RegNetwork
DPF1,RegNetwork
DPF2,RegNetwork
DR1,RegNetwork|TRRUST
DRAP1,RegNetwork|TRRUST
DTX1,RegNetwork
DUX4,RegNetwork|DoRothEA-A-B-C|TRRUST
E2F1,RegNetwork|DoRothEA-A-B-C|TRRUST
E2F2,RegNetwork|DoRothEA-A-B-C|TRRUST
E2F3,RegNetwork|DoRothEA-A-B-C|TRRUST
E2F4,RegNetwork|DoRothEA-A-B-C|TRRUST
E2F5,RegNetwork|DoRothEA-A-B-C|TRRUST
E2F6,RegNetwork|DoRothEA-A-B-C|TRRUST
E2F7,RegNetwork|DoRothEA-A-B-C|TRRUST
E2F8,DoRothEA-A-B-C|TRRUST
E4F1,RegNetwork|DoRothEA-A-B-C|TRRUST
EAF1,RegNetwork|TRRUST
EAPP,TRRUST
EBF1,RegNetwork|DoRothEA-A-B-C|TRRUST
EBF3,TRRUST
ECD,RegNetwork|TRRUST
EDF1,RegNetwork
EED,RegNetwork|TRRUST
EEF1A1,RegNetwork
EGF,TRRUST
EGFR,RegNetwork
EGR1,RegNetwork|DoRothEA-A-B-C|TRRUST
EGR2,RegNetwork|DoRothEA-A-B-C|TRRUST
EGR3,RegNetwork|DoRothEA-A-B-C|TRRUST
EGR4,RegNetwork
EHF,DoRothEA-A-B-C|TRRUST
EHMT1,RegNetwork
EHMT2,RegNetwork|TRRUST
EIF2AK2,RegNetwork|TRRUST
EIF5B,RegNetwork
ELAVL2,RegNetwork
ELF1,RegNetwork|DoRothEA-A-B-C|TRRUST
ELF2,RegNetwork|DoRothEA-A-B-C|TRRUST
ELF3,RegNetwork|DoRothEA-A-B-C|TRRUST
ELF4,RegNetwork|TRRUST
ELF5,RegNetwork|DoRothEA-A-B-C
ELK1,RegNetwork|DoRothEA-A-B-C|TRRUST
ELK3,RegNetwork|DoRothEA-A-B-C|TRRUST
ELK4,RegNetwork|DoRothEA-A-B-C|TRRUST
ELL,RegNetwork|TRRUST
ELL2,RegNetwork
ELL3,RegNetwork
EMX2,RegNetwork
EN1,RegNetwork|DoRothEA-A-B-C|TRRUST
EN2,RegNetwork
ENO1,RegNetwork|TRRUST
EOMES,DoRothEA-A-B-C|TRRUST
EP300,RegNetwork|TRRUST
EP400,RegNetwork
EPAS1,RegNetwork|DoRothEA-A-B-C|TRRUST
EPC1,RegNetwork
ERCC2,RegNetwork|TRRUST
ERCC3,RegNetwork
ERCC6,RegNetwork
ERCC8,RegNetwork
ERF,RegNetwork|DoRothEA-A-B-C|TRRUST
ERG,RegNetwork|DoRothEA-A-B-C|TRRUST
ESPL1,RegNetwork
ESR1,RegNetwork|DoRothEA-A-B-C|TRRUST
ESR2,RegNetwork|DoRothEA-A-B-C|TRRUST
ESRRA,RegNetwork|DoRothEA-A-B-C|TRRUST
ESRRB,RegNetwork|TRRUST
ESRRG,RegNetwork|TRRUST
ETS1,RegNetwork|DoRothEA-A-B-C|TRRUST
ETS2,RegNetwork|DoRothEA-A-B-C|TRRUST
ETV1,RegNetwork|DoRothEA-A-B-C|TRRUST
ETV3,RegNetwork|DoRothEA-A-B-C|TRRUST
ETV4,RegNetwork|DoRothEA-A-B-C|TRRUST
ETV5,RegNetwork|TRRUST
ETV6,RegNetwork|DoRothEA-A-B-C|TRRUST
ETV7,RegNetwork|TRRUST
EVX1,TRRUST
EWSR1,RegNetwork|TRRUST
EYA2,RegNetwork
EYA3,RegNetwork
EYA4,RegNetwork
EZH1,RegNetwork
EZH2,RegNetwork|TRRUST
F2,RegNetwork
FBXO7,RegNetwork
FHL2,RegNetwork|TRRUST
FHL5,RegNetwork
FIGLA,TRRUST
FIZ1,RegNetwork
FLI1,RegNetwork|DoRothEA-A-B-C|TRRUST
FMR1,RegNetwork
FOS,RegNetwork|DoRothEA-A-B-C|TRRUST
FOSB,RegNetwork|DoRothEA-A-B-C|TRRUST
FOSL1,RegNetwork|DoRothEA-A-B-C|TRRUST
FOSL2,RegNetwork|DoRothEA-A-B-C|TRRUST
FOXA1,RegNetwork|DoRothEA-A-B-C|TRRUST
FOXA2,RegNetwork|DoRothEA-A-B-C|TRRUST
FOXA3,RegNetwork|DoRothEA-A-B-C|TRRUST
FOXC1,RegNetwork|TRRUST
FOXC2,TRRUST
FOXD1,RegNetwork
FOXD3,RegNetwork|DoRothEA-A-B-C|TRRUST
FOXE1,RegNetwork|TRRUST
FOXF1,DoRothEA-A-B-C|TRRUST
FOXF2,RegNetwork|TRRUST
FOXG1,RegNetwork|TRRUST
FOXH1,RegNetwork|TRRUST
FOXI1,RegNetwork|TRRUST
FOXJ1,RegNetwork|TRRUST
FOXJ2,RegNetwork|DoRothEA-A-B-C
FOXJ3,RegNetwork
FOXK1,DoRothEA-A-B-C
FOXK2,RegNetwork|DoRothEA-A-B-C|TRRUST
FOXL1,RegNetwork|TRRUST
FOXL2,RegNetwork|DoRothEA-A-B-C|TRRUST
FOXM1,RegNetwork|DoRothEA-A-B-C|TRRUST
FOXN1,TRRUST
FOXN3,RegNetwork
FOXN4,TRRUST
FOXO1,RegNetwork|DoRothEA-A-B-C|TRRUST
FOXO3,RegNetwork|DoRothEA-A-B-C|TRRUST
FOXO3B,RegNetwork
FOXO4,RegNetwork|DoRothEA-A-B-C|TRRUST
FOXO6,DoRothEA-A-B-C
FOXP1,RegNetwork|DoRothEA-A-B-C|TRRUST
FOXP2,RegNetwork|DoRothEA-A-B-C|TRRUST
FOXP3,RegNetwork|DoRothEA-A-B-C|TRRUST
FOXP4,RegNetwork
FOXQ1,TRRUST
FOXS1,RegNetwork
FUBP1,RegNetwork|TRRUST
FUBP3,RegNetwork|TRRUST
FUS,RegNetwork|TRRUST
FXR1,RegNetwork
FXR2,RegNetwork
GABPA,RegNetwork|DoRothEA-A-B-C|TRRUST
GABPB1,RegNetwork|TRRUST
GABPB2,TRRUST
GATA1,RegNetwork|DoRothEA-A-B-C|TRRUST
GATA2,RegNetwork|DoRothEA-A-B-C|TRRUST
GATA3,RegNetwork|DoRothEA-A-B-C|TRRUST
GATA4,RegNetwork|DoRothEA-A-B-C|TRRUST
GATA5,RegNetwork|TRRUST
GATA6,RegNetwork|DoRothEA-A-B-C|TRRUST
GATAD1,DoRothEA-A-B-C
GATAD2A,RegNetwork
GATAD2B,RegNetwork
GBX2,TRRUST
GCFC2,RegNetwork
GCM1,RegNetwork|TRRUST
GCM2,TRRUST
GEMIN2,RegNetwork
GFI1,RegNetwork|DoRothEA-A-B-C|TRRUST
GFI1B,RegNetwork|DoRothEA-A-B-C|TRRUST
GLI1,RegNetwork|DoRothEA-A-B-C|TRRUST
GLI2,RegNetwork|DoRothEA-A-B-C|TRRUST
GLI3,RegNetwork|DoRothEA-A-B-C|TRRUST
GLIS2,RegNetwork
GLIS3,RegNetwork|TRRUST
GMEB1,RegNetwork
GMEB2,RegNetwork
GNRH1,RegNetwork
GRHL1,RegNetwork|TRRUST
GRHL2,DoRothEA-A-B-C
GSC,RegNetwork|TRRUST
GSC2,RegNetwork
GTF2A1,RegNetwork|TRRUST
GTF2A1L,RegNetwork
GTF2A2,RegNetwork
GTF2B,RegNetwork|TRRUST
GTF2E1,RegNetwork
GTF2E2,RegNetwork
GTF2F1,RegNetwork|TRRUST
GTF2F2,RegNetwork
GTF2H1,RegNetwork
GTF2H2,RegNetwork
GTF2H3,RegNetwork
GTF2H4,RegNetwork
GTF2I,RegNetwork|TRRUST
GTF2IRD1,RegNetwork
GTF3A,RegNetwork|TRRUST
GTF3C1,RegNetwork
GTF3C2,RegNetwork
GTF3C3,RegNetwork
GTF3C4,RegNetwork
GTF3C5,RegNetwork
GZF1,TRRUST
H1F0,RegNetwork
HABP4,RegNetwork
HAND1,RegNetwork
HAND2,RegNetwork|TRRUST
HAX1,RegNetwork|TRRUST
HBP1,RegNetwork|DoRothEA-A-B-C|TRRUST
HCFC1,RegNetwork|TRRUST
HCLS1,RegNetwork
HDAC1,RegNetwork|TRRUST
HDAC10,RegNetwork|TRRUST
HDAC11,RegNetwork|TRRUST
HDAC2,RegNetwork|TRRUST
HDAC3,RegNetwork|TRRUST
HDAC4,RegNetwork|TRRUST
HDAC5,RegNetwork|TRRUST
HDAC7,RegNetwork|TRRUST
HDAC8,RegNetwork
HDAC9,RegNetwork|TRRUST
HDGF,RegNetwork|TRRUST
HELZ,RegNetwork
HES1,RegNetwork|DoRothEA-A-B-C|TRRUST
HES6,RegNetwork|TRRUST
HESX1,RegNetwork
HEXIM1,RegNetwork|TRRUST
HEY1,RegNetwork|DoRothEA-A-B-C|TRRUST
HEY2,RegNetwork|DoRothEA-A-B-C|TRRUST
HEYL,RegNetwork|TRRUST
HHEX,RegNetwork|DoRothEA-A-B-C|TRRUST
HIC1,RegNetwork|DoRothEA-A-B-C|TRRUST
HIC2,RegNetwork
HIF1A,RegNetwork|DoRothEA-A-B-C|TRRUST
HIF1AN,RegNetwork
HIF3A,RegNetwork|TRRUST
HINFP,RegNetwork|DoRothEA-A-B-C|TRRUST
HIPK2,RegNetwork|TRRUST
HIRA,RegNetwork|TRRUST
HIST1H1B,RegNetwork
HIST1H1C,RegNetwork
HIST1H1E,RegNetwork
HIST1H2BB,RegNetwork
HIST1H2BD,RegNetwork
HIST1H2BG,RegNetwork
HIST1H2BJ,RegNetwork
HIST1H2BN,RegNetwork
HIST2H2BE,RegNetwork
HIVEP1,RegNetwork
HIVEP2,RegNetwork|TRRUST
HIVEP3,RegNetwork
HLF,RegNetwork|DoRothEA-A-B-C|TRRUST
HLTF,RegNetwork|TRRUST
HLX,TRRUST
HMBOX1,DoRothEA-A-B-C
HMG20A,RegNetwork
HMG20B,RegNetwork|TRRUST
HMGA1,RegNetwork|DoRothEA-A-B-C|TRRUST
HMGA2,RegNetwork|TRRUST
HMGB2,RegNetwork|TRRUST
HMGN1,RegNetwork|TRRUST
HMGN2,RegNetwork
HMGN3,RegNetwork
HMGXB4,RegNetwork
HNF1A,RegNetwork|DoRothEA-A-B-C|TRRUST
HNF1B,RegNetwork|DoRothEA-A-B-C|TRRUST
HNF4A,RegNetwork|DoRothEA-A-B-C|TRRUST
HNF4G,RegNetwork|DoRothEA-A-B-C|TRRUST
HNRNPAB,RegNetwork
HNRNPD,RegNetwork|TRRUST
HNRNPK,RegNetwork
HNRNPR,RegNetwork|TRRUST
HNRNPUL1,RegNetwork
HOMEZ,RegNetwork
HOPX,RegNetwork|DoRothEA-A-B-C|TRRUST
HOXA1,RegNetwork|TRRUST
HOXA10,RegNetwork|DoRothEA-A-B-C|TRRUST
HOXA11,RegNetwork|DoRothEA-A-B-C|TRRUST
HOXA13,RegNetwork
HOXA2,RegNetwork
HOXA3,RegNetwork
HOXA4,RegNetwork|DoRothEA-A-B-C|TRRUST
HOXA5,RegNetwork|DoRothEA-A-B-C|TRRUST
HOXA7,RegNetwork|TRRUST
HOXA9,RegNetwork|DoRothEA-A-B-C|TRRUST
HOXB1,RegNetwork|TRRUST
HOXB13,RegNetwork|DoRothEA-A-B-C|TRRUST
HOXB2,RegNetwork
HOXB3,RegNetwork|DoRothEA-A-B-C
HOXB4,RegNetwork|TRRUST
HOXB6,RegNetwork
HOXB7,RegNetwork|DoRothEA-A-B-C|TRRUST
HOXB8,RegNetwork
HOXB9,RegNetwork
HOXC10,RegNetwork|TRRUST
HOXC11,RegNetwork|DoRothEA-A-B-C|TRRUST
HOXC13,RegNetwork|TRRUST
HOXC4,RegNetwork
HOXC6,TRRUST
HOXC8,RegNetwork|DoRothEA-A-B-C|TRRUST
HOXC9,RegNetwork|TRRUST
HOXD1,TRRUST
HOXD10,RegNetwork
HOXD11,RegNetwork
HOXD12,RegNetwork
HOXD13,RegNetwork|TRRUST
HOXD3,RegNetwork|DoRothEA-A-B-C|TRRUST
HOXD4,RegNetwork
HOXD8,RegNetwork
HOXD9,RegNetwork|DoRothEA-A-B-C|TRRUST
HR,RegNetwork|TRRUST
HSBP1,RegNetwork
HSF1,RegNetwork|DoRothEA-A-B-C|TRRUST
HSF2,RegNetwork|DoRothEA-A-B-C|TRRUST
HSF2BP,RegNetwork
HSF4,RegNetwork|TRRUST
HTATIP2,RegNetwork|TRRUST
HTATSF1,RegNetwork
HTT,RegNetwork
ID1,RegNetwork|TRRUST
ID2,RegNetwork|TRRUST
ID3,RegNetwork|DoRothEA-A-B-C|TRRUST
ID4,RegNetwork|TRRUST
IFI16,RegNetwork|TRRUST
IFNB1,RegNetwork
IFNG,RegNetwork
IGHMBP2,RegNetwork
IKBKB,RegNetwork|TRRUST
IKBKG,RegNetwork
IKZF1,RegNetwork|DoRothEA-A-B-C|TRRUST
IKZF2,RegNetwork
IKZF3,RegNetwork
IL1B,RegNetwork
IL2,RegNetwork
IL4,RegNetwork
IL6,RegNetwork
ILF2,RegNetwork|TRRUST
ILF3,RegNetwork|TRRUST
ING1,RegNetwork|TRRUST
ING2,RegNetwork|TRRUST
ING3,RegNetwork
ING4,RegNetwork|TRRUST
ING5,RegNetwork
INSM1,RegNetwork|DoRothEA-A-B-C
IRF1,RegNetwork|DoRothEA-A-B-C|TRRUST
IRF2,RegNetwork|DoRothEA-A-B-C|TRRUST
IRF2BP1,RegNetwork
IRF3,RegNetwork|DoRothEA-A-B-C|TRRUST
IRF4,RegNetwork|DoRothEA-A-B-C|TRRUST
IRF5,RegNetwork|DoRothEA-A-B-C|TRRUST
IRF6,RegNetwork|TRRUST
IRF7,RegNetwork|DoRothEA-A-B-C|TRRUST
IRF8,RegNetwork|DoRothEA-A-B-C|TRRUST
IRF9,RegNetwork|DoRothEA-A-B-C|TRRUST
IRX4,RegNetwork
IRX5,RegNetwork
ISL1,RegNetwork|TRRUST
ISL2,RegNetwork
IVNS1ABP,RegNetwork
JAG1,RegNetwork
JARID2,RegNetwork|DoRothEA-A-B-C|TRRUST
JAZF1,RegNetwork
JDP2,RegNetwork|TRRUST
JMJD1C,RegNetwork
JMY,RegNetwork
JUN,RegNetwork|DoRothEA-A-B-C|TRRUST
JUNB,RegNetwork|DoRothEA-A-B-C|TRRUST
JUND,RegNetwork|DoRothEA-A-B-C|TRRUST
JUP,RegNetwork
KAT2B,RegNetwork|TRRUST
KAT5,RegNetwork|TRRUST
KAT6A,RegNetwork|DoRothEA-A-B-C|TRRUST
KAT6B,RegNetwork
KAT7,RegNetwork
KCNIP3,RegNetwork|TRRUST
KDM2A,RegNetwork|TRRUST
KDM4B,RegNetwork|TRRUST
KDM4C,TRRUST
KDM5A,RegNetwork|DoRothEA-A-B-C
KDM5B,RegNetwork|DoRothEA-A-B-C
KDM5D,RegNetwork
KHDRBS1,RegNetwork|TRRUST
KHDRBS2,RegNetwork
KHSRP,RegNetwork|TRRUST
KLF1,RegNetwork|DoRothEA-A-B-C|TRRUST
KLF10,RegNetwork|DoRothEA-A-B-C|TRRUST
KLF11,RegNetwork|DoRothEA-A-B-C|TRRUST
KLF12,RegNetwork|DoRothEA-A-B-C|TRRUST
KLF13,RegNetwork|DoRothEA-A-B-C|TRRUST
KLF14,TRRUST
KLF15,DoRothEA-A-B-C|TRRUST
KLF16,RegNetwork|TRRUST
KLF2,RegNetwork|DoRothEA-A-B-C|TRRUST
KLF3,RegNetwork|DoRothEA-A-B-C|TRRUST
KLF4,RegNetwork|DoRothEA-A-B-C|TRRUST
KLF5,RegNetwork|DoRothEA-A-B-C|TRRUST
KLF6,RegNetwork|DoRothEA-A-B-C|TRRUST
KLF7,RegNetwork|TRRUST
KLF8,RegNetwork|TRRUST
KLF9,RegNetwork|DoRothEA-A-B-C|TRRUST
KMT2A,DoRothEA-A-B-C
KMT2B,DoRothEA-A-B-C
KNTC1,RegNetwork
L3MBTL1,RegNetwork|TRRUST
L3MBTL2,RegNetwork
LCOR,TRRUST
LDB1,RegNetwork|TRRUST
LDB2,RegNetwork
LEF1,RegNetwork|DoRothEA-A-B-C|TRRUST
LHX1,RegNetwork
LHX2,RegNetwork|DoRothEA-A-B-C|TRRUST
LHX3,RegNetwork|DoRothEA-A-B-C|TRRUST
LHX4,RegNetwork|DoRothEA-A-B-C|TRRUST
LHX9,RegNetwork
LIMD1,RegNetwork|TRRUST
LIN28A,TRRUST
LMO1,RegNetwork
LMO2,RegNetwork|TRRUST
LMO3,RegNetwork|TRRUST
LMO4,RegNetwork|TRRUST
LMX1A,RegNetwork
LMX1B,RegNetwork|TRRUST
LRF,TRRUST
LRRFIP1,RegNetwork|DoRothEA-A-B-C|TRRUST
LYL1,RegNetwork|DoRothEA-A-B-C|TRRUST
LZTR1,RegNetwork
LZTS1,RegNetwork
MAF,RegNetwork|DoRothEA-A-B-C|TRRUST
MAF1,RegNetwork
MAFA,RegNetwork|DoRothEA-A-B-C|TRRUST
MAFB,RegNetwork|DoRothEA-A-B-C|TRRUST
MAFF,RegNetwork|DoRothEA-A-B-C|TRRUST
MAFG,RegNetwork|DoRothEA-A-B-C|TRRUST
MAFK,RegNetwork|DoRothEA-A-B-C|TRRUST
MAL,TRRUST
MAML1,RegNetwork|TRRUST
MAML3,RegNetwork
MAPK1,RegNetwork
MAPK10,RegNetwork
MAPK11,RegNetwork
MAPK12,RegNetwork
MAPK13,RegNetwork
MAPK14,RegNetwork
MAPK3,RegNetwork
MAPK8,RegNetwork
MAPK9,RegNetwork
MATR3,RegNetwork
MAX,RegNetwork|DoRothEA-A-B-C|TRRUST
MAZ,RegNetwork|DoRothEA-A-B-C|TRRUST
MBD1,RegNetwork|DoRothEA-A-B-C|TRRUST
MBD2,RegNetwork|TRRUST
MBD3,RegNetwork
MBD3L1,RegNetwork
MCM2,RegNetwork|TRRUST
MCM3,RegNetwork
MCM4,RegNetwork
MCM5,RegNetwork|TRRUST
MCM6,RegNetwork
MCM7,RegNetwork
MCM8,RegNetwork
MDM2,TRRUST
MDM4,RegNetwork|TRRUST
MECOM,RegNetwork
MECP2,RegNetwork|TRRUST
MED1,RegNetwork|TRRUST
MED12,RegNetwork
MED13,RegNetwork
MED14,RegNetwork
MED15,RegNetwork|TRRUST
MED16,RegNetwork
MED17,RegNetwork
MED20,RegNetwork
MED21,RegNetwork
MED23,RegNetwork|TRRUST
MED26,RegNetwork
MED27,RegNetwork
MED30,RegNetwork
MED31,RegNetwork
MED4,RegNetwork
MED6,RegNetwork
MED7,RegNetwork
MED8,RegNetwork
MEF2A,RegNetwork|DoRothEA-A-B-C|TRRUST
MEF2B,DoRothEA-A-B-C|TRRUST
MEF2BNB-MEF2B,RegNetwork
MEF2C,RegNetwork|DoRothEA-A-B-C|TRRUST
MEF2D,RegNetwork|DoRothEA-A-B-C|TRRUST
MEIS1,RegNetwork|DoRothEA-A-B-C|TRRUST
MEIS2,RegNetwork|DoRothEA-A-B-C|TRRUST
MEIS3,RegNetwork
MEN1,RegNetwork|TRRUST
MEOX1,RegNetwork
MEOX2,RegNetwork
MIER1,DoRothEA-A-B-C
MIF,RegNetwork
MIS18BP1,RegNetwork
MITF,RegNetwork|DoRothEA-A-B-C|TRRUST
MKI67IP,RegNetwork
MKL1,RegNetwork|TRRUST
MKL2,RegNetwork
MLL,RegNetwork
MLL2,RegNetwork|TRRUST
MLL3,TRRUST
MLL4,RegNetwork|TRRUST
MLLT1,RegNetwork
MLLT10,RegNetwork|TRRUST
MLLT3,RegNetwork|TRRUST
MLLT6,RegNetwork
MLX,RegNetwork|TRRUST
MLXIP,RegNetwork
MLXIPL,RegNetwork|TRRUST
MMS19,RegNetwork
MNDA,RegNetwork
MNT,RegNetwork|DoRothEA-A-B-C
MNX1,RegNetwork
MPHOSPH8,RegNetwork
MSC,RegNetwork|DoRothEA-A-B-C|TRRUST
MSX1,RegNetwork|TRRUST
MSX2,RegNetwork|TRRUST
MTA1,RegNetwork|DoRothEA-A-B-C|TRRUST
MTA2,RegNetwork|DoRothEA-A-B-C|TRRUST
MTA3,RegNetwork|DoRothEA-A-B-C|TRRUST
MTF1,RegNetwork|TRRUST
MTF2,RegNetwork
MXD1,RegNetwork|DoRothEA-A-B-C|TRRUST
MXD3,RegNetwork
MXD4,RegNetwork|DoRothEA-A-B-C|TRRUST
MXI1,RegNetwork|DoRothEA-A-B-C|TRRUST
MYB,RegNetwork|DoRothEA-A-B-C|TRRUST
MYBBP1A,RegNetwork|TRRUST
MYBL1,RegNetwork|DoRothEA-A-B-C|TRRUST
MYBL2,RegNetwork|DoRothEA-A-B-C|TRRUST
MYC,RegNetwork|DoRothEA-A-B-C|TRRUST
MYCBP,RegNetwork
MYCL1,RegNetwork
MYCN,RegNetwork|DoRothEA-A-B-C|TRRUST
MYF5,RegNetwork
MYF6,RegNetwork|DoRothEA-A-B-C|TRRUST
MYNN,DoRothEA-A-B-C
MYOCD,RegNetwork|TRRUST
MYOD1,RegNetwork|DoRothEA-A-B-C|TRRUST
MYOG,RegNetwork|DoRothEA-A-B-C|TRRUST
MYT1,RegNetwork
MZF1,RegNetwork|DoRothEA-A-B-C|TRRUST
NAA15,RegNetwork
NAB1,RegNetwork|TRRUST
NAB2,RegNetwork|TRRUST
NANOG,DoRothEA-A-B-C|TRRUST
NAP1L4,RegNetwork
NCOA1,RegNetwork|DoRothEA-A-B-C|TRRUST
NCOA2,RegNetwork|DoRothEA-A-B-C|TRRUST
NCOA3,RegNetwork|DoRothEA-A-B-C|TRRUST
NCOA4,RegNetwork|TRRUST
NCOA5,RegNetwork
NCOA6,RegNetwork|TRRUST
NCOR1,RegNetwork|DoRothEA-A-B-C|TRRUST
NCOR2,RegNetwork|DoRothEA-A-B-C|TRRUST
NDN,RegNetwork
NEAT1,TRRUST
NEIL2,RegNetwork
NELFB,TRRUST
NELFCD,TRRUST
NEUROD1,RegNetwork|DoRothEA-A-B-C|TRRUST
NEUROD2,RegNetwork
NEUROD6,RegNetwork
NEUROG1,RegNetwork
NEUROG2,RegNetwork
NEUROG3,RegNetwork|DoRothEA-A-B-C|TRRUST
NF1,TRRUST
NFAT5,RegNetwork|DoRothEA-A-B-C|TRRUST
NFATC1,RegNetwork|DoRothEA-A-B-C|TRRUST
NFATC2,RegNetwork|DoRothEA-A-B-C|TRRUST
NFATC3,RegNetwork|DoRothEA-A-B-C|TRRUST
NFATC4,RegNetwork|DoRothEA-A-B-C
NFE2,RegNetwork|DoRothEA-A-B-C|TRRUST
NFE2L1,RegNetwork|DoRothEA-A-B-C|TRRUST
NFE2L2,RegNetwork|DoRothEA-A-B-C|TRRUST
NFE2L3,RegNetwork
NFIA,RegNetwork|DoRothEA-A-B-C|TRRUST
NFIB,RegNetwork|TRRUST
NFIC,RegNetwork|DoRothEA-A-B-C|TRRUST
NFIL3,RegNetwork|DoRothEA-A-B-C|TRRUST
NFIX,RegNetwork|TRRUST
NFKB1,RegNetwork|DoRothEA-A-B-C|TRRUST
NFKB2,RegNetwork|DoRothEA-A-B-C|TRRUST
NFKBIA,RegNetwork|DoRothEA-A-B-C|TRRUST
NFKBIB,RegNetwork|TRRUST
NFKBIZ,RegNetwork|TRRUST
NFRKB,RegNetwork|TRRUST
NFX1,RegNetwork
NFYA,RegNetwork|DoRothEA-A-B-C|TRRUST
NFYB,RegNetwork|DoRothEA-A-B-C|TRRUST
NFYC,RegNetwork|DoRothEA-A-B-C|TRRUST
NHLH1,RegNetwork
NHLH2,RegNetwork|TRRUST
NKD2,RegNetwork
NKRF,RegNetwork
NKX2-1,RegNetwork|DoRothEA-A-B-C|TRRUST
NKX2-2,RegNetwork|TRRUST
NKX2-3,RegNetwork|TRRUST
NKX2-5,RegNetwork|DoRothEA-A-B-C|TRRUST
NKX2-8,RegNetwork
NKX3-1,RegNetwork|TRRUST
NKX6-1,RegNetwork
NME2,RegNetwork
NMI,RegNetwork
NONO,RegNetwork|DoRothEA-A-B-C|TRRUST
NOTCH2,RegNetwork
NOTCH3,RegNetwork|TRRUST
NOTCH4,RegNetwork
NPAS2,RegNetwork|DoRothEA-A-B-C|TRRUST
NPAS3,TRRUST
NPM1,RegNetwork|TRRUST
NR0B1,RegNetwork|DoRothEA-A-B-C|TRRUST
NR0B2,RegNetwork|DoRothEA-A-B-C|TRRUST
NR1D1,RegNetwork|DoRothEA-A-B-C|TRRUST
NR1D2,RegNetwork
NR1H2,RegNetwork|DoRothEA-A-B-C|TRRUST
NR1H3,RegNetwork|DoRothEA-A-B-C|TRRUST
NR1H4,RegNetwork|DoRothEA-A-B-C|TRRUST
NR1I2,RegNetwork|DoRothEA-A-B-C|TRRUST
NR1I3,RegNetwork|DoRothEA-A-B-C|TRRUST
NR2C1,RegNetwork
NR2C2,RegNetwork|DoRothEA-A-B-C|TRRUST
NR2E1,RegNetwork|DoRothEA-A-B-C
NR2E3,RegNetwork|TRRUST
NR2F1,RegNetwork|DoRothEA-A-B-C|TRRUST
NR2F2,RegNetwork|DoRothEA-A-B-C|TRRUST
NR2F6,RegNetwork|DoRothEA-A-B-C|TRRUST
NR3C1,RegNetwork|DoRothEA-A-B-C|TRRUST
NR3C2,RegNetwork|DoRothEA-A-B-C|TRRUST
NR4A1,RegNetwork|DoRothEA-A-B-C|TRRUST
NR4A2,RegNetwork|TRRUST
NR4A3,RegNetwork|TRRUST
NR5A1,RegNetwork|DoRothEA-A-B-C|TRRUST
NR5A2,RegNetwork|DoRothEA-A-B-C|TRRUST
NRBF2,RegNetwork
NRF1,RegNetwork|DoRothEA-A-B-C|TRRUST
NRIP1,RegNetwork|TRRUST
NRL,RegNetwork|DoRothEA-A-B-C|TRRUST
NSD1,RegNetwork
NUPR1,RegNetwork|TRRUST
OLIG2,RegNetwork|TRRUST
OLIG3,RegNetwork
ONECUT1,RegNetwork|DoRothEA-A-B-C|TRRUST
ONECUT2,DoRothEA-A-B-C|TRRUST
ORC2,RegNetwork
OTX1,RegNetwork|TRRUST
OTX2,RegNetwork|DoRothEA-A-B-C|TRRUST
PA2G4,RegNetwork|TRRUST
PAPOLA,RegNetwork
PARN,RegNetwork
PARP1,RegNetwork|TRRUST
PATZ1,RegNetwork
PAWR,RegNetwork|TRRUST
PAX1,RegNetwork|DoRothEA-A-B-C|TRRUST
PAX2,RegNetwork|DoRothEA-A-B-C|TRRUST
PAX3,RegNetwork|DoRothEA-A-B-C|TRRUST
PAX4,RegNetwork|DoRothEA-A-B-C|TRRUST
PAX5,RegNetwork|DoRothEA-A-B-C|TRRUST
PAX6,RegNetwork|DoRothEA-A-B-C|TRRUST
PAX7,RegNetwork
PAX8,RegNetwork|DoRothEA-A-B-C|TRRUST
PAX9,RegNetwork
PBRM1,RegNetwork
PBX1,RegNetwork|DoRothEA-A-B-C|TRRUST
PBX2,RegNetwork|DoRothEA-A-B-C|TRRUST
PBX3,RegNetwork|DoRothEA-A-B-C
PBXIP1,RegNetwork
PCBD1,RegNetwork|TRRUST
PCBD2,RegNetwork
PCGF2,RegNetwork|TRRUST
PCGF6,RegNetwork
PDCD11,RegNetwork|TRRUST
PDGFA,RegNetwork
PDGFB,RegNetwork
PDGFD,RegNetwork
PDLIM1,RegNetwork
PDLIM4,RegNetwork
PDLIM7,RegNetwork
PDX1,RegNetwork|DoRothEA-A-B-C|TRRUST
PEG3,RegNetwork
PER1,RegNetwork|TRRUST
PER2,RegNetwork|TRRUST
PER3,RegNetwork
PGR,RegNetwork|DoRothEA-A-B-C|TRRUST
PHB2,RegNetwork|TRRUST
PHF1,RegNetwork
PHF10,RegNetwork|TRRUST
PHF12,RegNetwork
PHF17,RegNetwork
PHF21A,RegNetwork
PHF23,RegNetwork
PHF8,TRRUST
PHOX2A,RegNetwork|TRRUST
PHOX2B,TRRUST
PIAS1,RegNetwork|TRRUST
PIAS2,RegNetwork|TRRUST
PIAS3,RegNetwork|TRRUST
PIAS4,RegNetwork|TRRUST
PIR,RegNetwork|TRRUST
PITX1,RegNetwork|DoRothEA-A-B-C|TRRUST
PITX2,RegNetwork|DoRothEA-A-B-C|TRRUST
PITX3,TRRUST
PKNOX1,RegNetwork|DoRothEA-A-B-C|TRRUST
PKNOX2,RegNetwork
PLAG1,RegNetwork|DoRothEA-A-B-C|TRRUST
PLAGL1,RegNetwork|DoRothEA-A-B-C|TRRUST
PLAGL2,RegNetwork|TRRUST
PLRG1,RegNetwork
PML,RegNetwork|TRRUST
PMS1,RegNetwork
PNN,RegNetwork
PNRC2,RegNetwork
POLR1A,RegNetwork|TRRUST
POLR1B,RegNetwork
POLR1C,RegNetwork
POLR1D,RegNetwork
POLR1E,RegNetwork
POLR2A,RegNetwork
POLR2B,RegNetwork
POLR2C,RegNetwork
POLR2D,RegNetwork
POLR2E,RegNetwork
POLR2F,RegNetwork
POLR2G,RegNetwork
POLR2H,RegNetwork
POLR2I,RegNetwork
POLR2J,RegNetwork
POLR2K,RegNetwork
POLR2L,RegNetwork
POLR3A,RegNetwork
POLR3C,RegNetwork
POLR3D,RegNetwork
POLR3E,RegNetwork
POLR3F,RegNetwork
POLR3H,RegNetwork
POU1F1,RegNetwork|DoRothEA-A-B-C|TRRUST
POU2AF1,RegNetwork|TRRUST
POU2F1,RegNetwork|DoRothEA-A-B-C|TRRUST
POU2F2,RegNetwork|DoRothEA-A-B-C|TRRUST
POU2F3,RegNetwork|DoRothEA-A-B-C|TRRUST
POU3F1,RegNetwork|DoRothEA-A-B-C|TRRUST
POU3F2,RegNetwork|DoRothEA-A-B-C|TRRUST
POU3F3,RegNetwork
POU3F4,RegNetwork|TRRUST
POU4F1,RegNetwork|TRRUST
POU4F2,RegNetwork|DoRothEA-A-B-C|TRRUST
POU5F1,RegNetwork|DoRothEA-A-B-C|TRRUST
PPARA,RegNetwork|DoRothEA-A-B-C|TRRUST
PPARD,RegNetwork|DoRothEA-A-B-C|TRRUST
PPARG,RegNetwork|DoRothEA-A-B-C|TRRUST
PPARGC1A,RegNetwork|TRRUST
PPARGC1B,RegNetwork
PPP3R1,RegNetwork
PQBP1,RegNetwork
PRDM1,RegNetwork|DoRothEA-A-B-C|TRRUST
PRDM14,DoRothEA-A-B-C|TRRUST
PRDM16,RegNetwork
PRDM2,RegNetwork|TRRUST
PRDM4,RegNetwork
PREB,RegNetwork|TRRUST
PRIC285,RegNetwork
PRKCA,RegNetwork
PROP1,RegNetwork
PROX1,RegNetwork|DoRothEA-A-B-C|TRRUST
PRPF4B,RegNetwork
PRRX1,RegNetwork
PRRX2,RegNetwork
PSIP1,RegNetwork
PSMD9,RegNetwork
PTEN,RegNetwork
PTF1A,RegNetwork|TRRUST
PTMA,RegNetwork|TRRUST
PTRF,RegNetwork
PTTG1,RegNetwork|TRRUST
PURA,RegNetwork|DoRothEA-A-B-C|TRRUST
PWP1,RegNetwork
PYGO1,RegNetwork
PYGO2,RegNetwork
RAD51,RegNetwork|TRRUST
RAD51B,RegNetwork
RAD54B,RegNetwork
RAI1,RegNetwork
RAI14,RegNetwork
RARA,RegNetwork|DoRothEA-A-B-C|TRRUST
RARB,RegNetwork|DoRothEA-A-B-C|TRRUST
RARG,RegNetwork|DoRothEA-A-B-C|TRRUST
RASGRF1,RegNetwork
RAX,RegNetwork
RAX2,RegNetwork
RB1,RegNetwork|TRRUST
RB1CC1,TRRUST
RBAK,RegNetwork
RBBP4,RegNetwork
RBBP7,RegNetwork|TRRUST
RBCK1,RegNetwork
RBFOX2,RegNetwork
RBL1,RegNetwork|TRRUST
RBL2,RegNetwork|TRRUST
RBM14,RegNetwork
RBM39,RegNetwork
RBM7,RegNetwork
RBMX,RegNetwork|TRRUST
RBMXL2,RegNetwork
RBPJ,RegNetwork|DoRothEA-A-B-C|TRRUST
RBPJL,RegNetwork
RCOR1,DoRothEA-A-B-C
RCOR2,RegNetwork
RDBP,RegNetwork
REL,RegNetwork|DoRothEA-A-B-C|TRRUST
RELA,RegNetwork|DoRothEA-A-B-C|TRRUST
RELB,RegNetwork|DoRothEA-A-B-C|TRRUST
RERE,RegNetwork
REST,RegNetwork|DoRothEA-A-B-C|TRRUST
REXO4,RegNetwork
RFC1,RegNetwork
RFWD2,TRRUST
RFX1,RegNetwork|DoRothEA-A-B-C|TRRUST
RFX2,RegNetwork|DoRothEA-A-B-C|TRRUST
RFX3,RegNetwork|TRRUST
RFX4,RegNetwork
RFX5,RegNetwork|DoRothEA-A-B-C|TRRUST
RFX6,RegNetwork
RFXANK,RegNetwork|DoRothEA-A-B-C|TRRUST
RFXAP,RegNetwork|DoRothEA-A-B-C|TRRUST
RGS14,RegNetwork
RHOXF2,RegNetwork
RING1,RegNetwork
RLF,RegNetwork
RLIM,RegNetwork
RNF14,RegNetwork|TRRUST
RNF141,RegNetwork
RNF19A,RegNetwork
RNF2,RegNetwork
RNF4,RegNetwork
RNPS1,RegNetwork
RORA,RegNetwork|DoRothEA-A-B-C|TRRUST
RORB,RegNetwork
RORC,RegNetwork|DoRothEA-A-B-C|TRRUST
RREB1,RegNetwork|DoRothEA-A-B-C|TRRUST
RSF1,RegNetwork
RUNX1,RegNetwork|DoRothEA-A-B-C|TRRUST
RUNX1T1,RegNetwork|TRRUST
RUNX2,RegNetwork|DoRothEA-A-B-C|TRRUST
RUNX3,RegNetwork|DoRothEA-A-B-C|TRRUST
RUVBL1,RegNetwork|TRRUST
RUVBL2,RegNetwork
RXRA,RegNetwork|DoRothEA-A-B-C|TRRUST
RXRB,RegNetwork|DoRothEA-A-B-C
RXRG,RegNetwork|DoRothEA-A-B-C
RYBP,RegNetwork
SAFB,RegNetwork
SAFB2,RegNetwork
SALL1,RegNetwork
SALL2,RegNetwork
SALL3,TRRUST
SALL4,DoRothEA-A-B-C|TRRUST
SALL4A,TRRUST
SAP18,RegNetwork
SAP30,RegNetwork
SAP30BP,RegNetwork
SATB1,RegNetwork|DoRothEA-A-B-C|TRRUST
SATB2,RegNetwork|TRRUST
SCAF1,RegNetwork
SCAND1,RegNetwork|TRRUST
SCD5,TRRUST
SCMH1,RegNetwork
SEC14L2,RegNetwork|TRRUST
SERTAD1,RegNetwork|TRRUST
SERTAD2,RegNetwork
SERTAD3,RegNetwork
SETBP1,RegNetwork|TRRUST
SF1,RegNetwork|TRRUST
SFMBT1,RegNetwork
SFPQ,RegNetwork|TRRUST
SHOX,RegNetwork|TRRUST
SHOX2,TRRUST
SHPRH,RegNetwork
SIM1,RegNetwork
SIM2,RegNetwork|TRRUST
SIN3A,RegNetwork|TRRUST
SIN3B,RegNetwork
SIRT1,RegNetwork|TRRUST
SIRT2,RegNetwork|TRRUST
SIRT3,RegNetwork|TRRUST
SIRT7,RegNetwork
SIX1,RegNetwork|TRRUST
SIX2,RegNetwork|DoRothEA-A-B-C
SIX3,RegNetwork
SIX4,RegNetwork
SIX5,RegNetwork|DoRothEA-A-B-C
SIX6,RegNetwork
SKI,RegNetwork|TRRUST
SKIL,RegNetwork|TRRUST
SLA2,RegNetwork|TRRUST
SLC2A4RG,TRRUST
SMAD1,RegNetwork|DoRothEA-A-B-C|TRRUST
SMAD2,RegNetwork|DoRothEA-A-B-C|TRRUST
SMAD3,RegNetwork|DoRothEA-A-B-C|TRRUST
SMAD4,RegNetwork|DoRothEA-A-B-C|TRRUST
SMAD5,RegNetwork|DoRothEA-A-B-C
SMAD6,RegNetwork
SMAD7,RegNetwork|DoRothEA-A-B-C|TRRUST
SMAD9,RegNetwork
SMARCA1,RegNetwork|TRRUST
SMARCA2,RegNetwork
SMARCA4,RegNetwork|TRRUST
SMARCA5,RegNetwork
SMARCB1,RegNetwork|TRRUST
SMARCC1,RegNetwork|DoRothEA-A-B-C
SMARCC2,RegNetwork|DoRothEA-A-B-C
SMARCD1,RegNetwork
SMARCD2,RegNetwork
SMARCD3,RegNetwork
SMARCE1,RegNetwork
SMG1,RegNetwork
SMG6,TRRUST
SMURF2,RegNetwork|TRRUST
SMYD1,RegNetwork
SNAI1,RegNetwork|DoRothEA-A-B-C|TRRUST
SNAI2,RegNetwork|DoRothEA-A-B-C|TRRUST
SNAPC1,RegNetwork
SNAPC2,RegNetwork
SNAPC3,RegNetwork
SNAPC4,RegNetwork|DoRothEA-A-B-C
SNAPC5,RegNetwork
SND1,RegNetwork|TRRUST
SNIP1,RegNetwork|TRRUST
SNRPB,RegNetwork
SNRPD1,RegNetwork
SNW1,RegNetwork|TRRUST
SOS1,RegNetwork
SOS2,RegNetwork
SOX1,RegNetwork
SOX10,RegNetwork|DoRothEA-A-B-C|TRRUST
SOX11,RegNetwork|DoRothEA-A-B-C|TRRUST
SOX13,RegNetwork|DoRothEA-A-B-C
SOX17,RegNetwork|TRRUST
SOX2,RegNetwork|DoRothEA-A-B-C|TRRUST
SOX3,RegNetwork
SOX30,RegNetwork
SOX4,RegNetwork|DoRothEA-A-B-C|TRRUST
SOX5,RegNetwork|TRRUST
SOX6,RegNetwork|DoRothEA-A-B-C|TRRUST
SOX7,RegNetwork
SOX8,RegNetwork|DoRothEA-A-B-C
SOX9,RegNetwork|DoRothEA-A-B-C|TRRUST
SP1,RegNetwork|DoRothEA-A-B-C|TRRUST
SP100,RegNetwork|DoRothEA-A-B-C|TRRUST
SP110,RegNetwork
SP140,RegNetwork
SP2,RegNetwork|DoRothEA-A-B-C|TRRUST
SP3,RegNetwork|DoRothEA-A-B-C|TRRUST
SP4,RegNetwork|DoRothEA-A-B-C|TRRUST
SP7,TRRUST
SPDEF,RegNetwork|DoRothEA-A-B-C|TRRUST
SPEN,RegNetwork|TRRUST
SPI1,RegNetwork|DoRothEA-A-B-C|TRRUST
SPIB,RegNetwork|DoRothEA-A-B-C|TRRUST
SPIC,TRRUST
SRC,RegNetwork
SRCAP,RegNetwork|TRRUST
SREBF1,RegNetwork|DoRothEA-A-B-C|TRRUST
SREBF2,RegNetwork|DoRothEA-A-B-C|TRRUST
SRF,RegNetwork|DoRothEA-A-B-C|TRRUST
SRRM1,RegNetwork
SRSF1,RegNetwork|TRRUST
SRSF10,RegNetwork
SRSF2,RegNetwork
SRSF3,RegNetwork
SRSF5,RegNetwork
SRSF6,RegNetwork
SRSF8,RegNetwork
SRSF9,RegNetwork
SRY,RegNetwork|TRRUST
SS18L1,RegNetwork
SSB,RegNetwork|TRRUST
SSBP2,RegNetwork
SSBP3,RegNetwork
SSBP4,RegNetwork
SSRP1,RegNetwork|DoRothEA-A-B-C
SSX2,RegNetwork|TRRUST
SSX3,RegNetwork
SSX4,RegNetwork
STAT1,RegNetwork|DoRothEA-A-B-C|TRRUST
STAT2,RegNetwork|DoRothEA-A-B-C|TRRUST
STAT3,RegNetwork|DoRothEA-A-B-C|TRRUST
STAT4,RegNetwork|DoRothEA-A-B-C|TRRUST
STAT5,TRRUST
STAT5A,RegNetwork|DoRothEA-A-B-C|TRRUST
STAT5B,RegNetwork|DoRothEA-A-B-C|TRRUST
STAT6,RegNetwork|DoRothEA-A-B-C|TRRUST
SUB1,RegNetwork
SUFU,RegNetwork
SUGP1,TRRUST
SUGP2,RegNetwork
SUPT16H,RegNetwork
SUPT3H,RegNetwork|TRRUST
SUPT4H1,RegNetwork
SUPT5H,RegNetwork
SUPT7L,RegNetwork
SUV39H2,RegNetwork
SUZ12,RegNetwork|TRRUST
T,DoRothEA-A-B-C
TADA2A,RegNetwork
TADA3,RegNetwork
TAF1,RegNetwork|DoRothEA-A-B-C|TRRUST
TAF10,RegNetwork
TAF11,RegNetwork
TAF12,RegNetwork
TAF13,RegNetwork
TAF15,RegNetwork
TAF1A,RegNetwork
TAF1B,RegNetwork
TAF1C,RegNetwork
TAF1L,RegNetwork
TAF4,RegNetwork|TRRUST
TAF4B,RegNetwork
TAF5,RegNetwork|TRRUST
TAF6,RegNetwork
TAF6L,RegNetwork
TAF7,RegNetwork
TAF9,RegNetwork
TAF9B,RegNetwork
TAL1,RegNetwork|DoRothEA-A-B-C|TRRUST
TAL2,RegNetwork
TARBP2,RegNetwork
TARDBP,RegNetwork
TAX1BP3,RegNetwork
TBC1D22A,TRRUST
TBL1X,RegNetwork|TRRUST
TBP,RegNetwork|DoRothEA-A-B-C|TRRUST
TBPL1,RegNetwork|TRRUST
TBR1,RegNetwork|TRRUST
TBX19,RegNetwork
TBX2,RegNetwork|DoRothEA-A-B-C|TRRUST
TBX20,TRRUST
TBX21,DoRothEA-A-B-C|TRRUST
TBX3,RegNetwork|TRRUST
TBX4,RegNetwork
TBX5,RegNetwork|DoRothEA-A-B-C|TRRUST
TCEA1,RegNetwork
TCEA2,RegNetwork
TCEAL1,RegNetwork
TCEB1,RegNetwork
TCEB2,RegNetwork
TCEB3,RegNetwork
TCEB3B,RegNetwork
TCEB3C,RegNetwork
TCERG1,RegNetwork
TCF12,RegNetwork|DoRothEA-A-B-C|TRRUST
TCF19,TRRUST
TCF20,RegNetwork
TCF21,RegNetwork
TCF25,DoRothEA-A-B-C
TCF3,RegNetwork|DoRothEA-A-B-C|TRRUST
TCF4,RegNetwork|DoRothEA-A-B-C|TRRUST
TCF7,RegNetwork|DoRothEA-A-B-C|TRRUST
TCF7L1,RegNetwork|DoRothEA-A-B-C
TCF7L2,RegNetwork|DoRothEA-A-B-C|TRRUST
TCFL5,RegNetwork|DoRothEA-A-B-C|TRRUST
TCOF1,RegNetwork
TEAD1,RegNetwork|DoRothEA-A-B-C|TRRUST
TEAD2,RegNetwork|DoRothEA-A-B-C
TEAD3,RegNetwork
TEAD4,RegNetwork|DoRothEA-A-B-C|TRRUST
TEF,RegNetwork|TRRUST
TFAP2A,RegNetwork|DoRothEA-A-B-C|TRRUST
TFAP2B,RegNetwork|DoRothEA-A-B-C|TRRUST
TFAP2C,RegNetwork|DoRothEA-A-B-C|TRRUST
TFAP4,RegNetwork|DoRothEA-A-B-C|TRRUST
TFCP2,RegNetwork|DoRothEA-A-B-C|TRRUST
TFCP2L1,RegNetwork|TRRUST
TFDP1,RegNetwork|DoRothEA-A-B-C|TRRUST
TFDP2,RegNetwork
TFDP3,TRRUST
TFE3,RegNetwork
TFEB,RegNetwork|TRRUST
TFEC,RegNetwork
TFPT,RegNetwork|TRRUST
TGFB1,RegNetwork
TGFB1I1,RegNetwork
TGIF1,RegNetwork|TRRUST
TGIF2,RegNetwork|DoRothEA-A-B-C
TH1L,RegNetwork
THAP1,DoRothEA-A-B-C
THAP11,DoRothEA-A-B-C
THAP7,RegNetwork
THRA,RegNetwork|DoRothEA-A-B-C|TRRUST
THRAP3,RegNetwork
THRB,RegNetwork|DoRothEA-A-B-C|TRRUST
TIAL1,RegNetwork|TRRUST
TIMELESS,RegNetwork
TLE1,RegNetwork
TLE2,RegNetwork
TLE3,RegNetwork|TRRUST
TLR2,RegNetwork
TLR4,RegNetwork
TLR7,RegNetwork
TLR8,RegNetwork
TLX1,RegNetwork|DoRothEA-A-B-C|TRRUST
TLX2,RegNetwork
TLX3,RegNetwork
TMF1,RegNetwork
TNF,RegNetwork
TNFAIP3,RegNetwork|TRRUST
TNFSF12,RegNetwork
TOB1,RegNetwork|TRRUST
TOE1,RegNetwork
TOP2B,RegNetwork|TRRUST
TOPORS,RegNetwork
TOX2,RegNetwork
TOX4,RegNetwork
TP53,RegNetwork|DoRothEA-A-B-C|TRRUST
TP53BP1,RegNetwork|TRRUST
TP63,RegNetwork|DoRothEA-A-B-C|TRRUST
TP65,TRRUST
TP73,RegNetwork|DoRothEA-A-B-C|TRRUST
TRAF6,TRRUST
TRERF1,RegNetwork|TRRUST
TRIB3,RegNetwork|TRRUST
TRIM16,RegNetwork|TRRUST
TRIM21,RegNetwork
TRIM22,RegNetwork|TRRUST
TRIM24,RegNetwork
TRIM25,RegNetwork|TRRUST
TRIM27,RegNetwork
TRIM28,RegNetwork|TRRUST
TRIM29,RegNetwork
TRIM31,RegNetwork
TRIM32,RegNetwork
TRIM33,RegNetwork
TRIM5,RegNetwork
TRIP11,RegNetwork
TRIP13,RegNetwork
TRIP4,RegNetwork
TRIP6,RegNetwork|TRRUST
TRPS1,RegNetwork|DoRothEA-A-B-C|TRRUST
TRRAP,RegNetwork|TRRUST
TSC22D1,RegNetwork|TRRUST
TSC22D3,RegNetwork|DoRothEA-A-B-C|TRRUST
TSC22D4,RegNetwork|DoRothEA-A-B-C
TSG101,RegNetwork|TRRUST
TTF2,RegNetwork|TRRUST
TWIST1,RegNetwork|DoRothEA-A-B-C|TRRUST
TWIST2,RegNetwork|DoRothEA-A-B-C|TRRUST
U2AF1,RegNetwork
UBE2K,RegNetwork
UBN1,RegNetwork
UBP1,RegNetwork|TRRUST
UBTF,RegNetwork|DoRothEA-A-B-C|TRRUST
UHRF1,TRRUST
UIMC1,RegNetwork
UPF1,RegNetwork|TRRUST
UPF2,TRRUST
URI1,RegNetwork|TRRUST
USF1,RegNetwork|DoRothEA-A-B-C|TRRUST
USF2,RegNetwork|DoRothEA-A-B-C|TRRUST
UTF1,RegNetwork|TRRUST
VDR,RegNetwork|DoRothEA-A-B-C|TRRUST
VEZF1,TRRUST
VGLL1,RegNetwork
VGLL2,RegNetwork
VHL,RegNetwork|TRRUST
VSX2,RegNetwork
WBP11,RegNetwork
WDR5,TRRUST
WHSC1,TRRUST
WHSC2,RegNetwork
WT1,RegNetwork|DoRothEA-A-B-C|TRRUST
WWP1,RegNetwork|TRRUST
WWTR1,RegNetwork|TRRUST
XAB2,RegNetwork
XBP1,RegNetwork|DoRothEA-A-B-C|TRRUST
XPC,RegNetwork|TRRUST
XRCC3,RegNetwork
XRCC5,RegNetwork|TRRUST
XRCC6,RegNetwork|TRRUST
YAF2,RegNetwork
YBX1,RegNetwork|DoRothEA-A-B-C|TRRUST
YEATS4,RegNetwork|TRRUST
YTHDC1,RegNetwork
YY1,RegNetwork|DoRothEA-A-B-C|TRRUST
ZBED1,DoRothEA-A-B-C
ZBTB11,RegNetwork|DoRothEA-A-B-C
ZBTB12,RegNetwork
ZBTB14,TRRUST
ZBTB16,RegNetwork|TRRUST
ZBTB17,RegNetwork|DoRothEA-A-B-C|TRRUST
ZBTB2,RegNetwork|TRRUST
ZBTB22,RegNetwork
ZBTB24,RegNetwork
ZBTB25,RegNetwork
ZBTB3,RegNetwork
ZBTB32,RegNetwork
ZBTB33,RegNetwork|DoRothEA-A-B-C
ZBTB38,RegNetwork
ZBTB43,RegNetwork
ZBTB45,RegNetwork
ZBTB48,RegNetwork
ZBTB5,RegNetwork|TRRUST
ZBTB6,RegNetwork
ZBTB7A,RegNetwork|DoRothEA-A-B-C|TRRUST
ZBTB7B,RegNetwork
ZC3H8,DoRothEA-A-B-C
ZDHHC16,RegNetwork
ZDHHC6,RegNetwork
ZDHHC7,RegNetwork
ZEB1,RegNetwork|DoRothEA-A-B-C|TRRUST
ZEB2,RegNetwork|DoRothEA-A-B-C|TRRUST
ZFHX3,RegNetwork|DoRothEA-A-B-C|TRRUST
ZFP161,RegNetwork
ZFP2,RegNetwork
ZFP36,RegNetwork|TRRUST
ZFP36L1,RegNetwork|TRRUST
ZFP42,RegNetwork
ZFP64,RegNetwork
ZFP91,RegNetwork
ZFPL1,RegNetwork
ZFPM1,RegNetwork
ZFPM2,RegNetwork
ZFX,DoRothEA-A-B-C
ZHX1,RegNetwork|DoRothEA-A-B-C
ZHX2,RegNetwork|DoRothEA-A-B-C|TRRUST
ZHX3,RegNetwork
ZIC1,RegNetwork|DoRothEA-A-B-C|TRRUST
ZIC2,RegNetwork|DoRothEA-A-B-C|TRRUST
ZIC3,RegNetwork|TRRUST
ZKSCAN1,DoRothEA-A-B-C
ZMYM2,RegNetwork
ZMYND11,RegNetwork|TRRUST
ZNF10,RegNetwork
ZNF101,RegNetwork
ZNF107,RegNetwork
ZNF136,RegNetwork
ZNF142,RegNetwork
ZNF143,DoRothEA-A-B-C|TRRUST
ZNF146,RegNetwork
ZNF148,RegNetwork|DoRothEA-A-B-C|TRRUST
ZNF155,RegNetwork
ZNF160,TRRUST
ZNF165,RegNetwork|DoRothEA-A-B-C
ZNF167,RegNetwork
ZNF174,RegNetwork
ZNF175,TRRUST
ZNF193,RegNetwork
ZNF197,RegNetwork|DoRothEA-A-B-C
ZNF20,RegNetwork
ZNF202,RegNetwork|DoRothEA-A-B-C|TRRUST
ZNF205,RegNetwork
ZNF208,RegNetwork
ZNF217,DoRothEA-A-B-C|TRRUST
ZNF219,RegNetwork
ZNF224,DoRothEA-A-B-C|TRRUST
ZNF227,RegNetwork
ZNF232,RegNetwork
ZNF238,RegNetwork
ZNF239,RegNetwork|TRRUST
ZNF24,RegNetwork|DoRothEA-A-B-C|TRRUST
ZNF250,RegNetwork
ZNF263,RegNetwork|DoRothEA-A-B-C
ZNF267,DoRothEA-A-B-C|TRRUST
ZNF274,RegNetwork|DoRothEA-A-B-C
ZNF276,RegNetwork
ZNF277,RegNetwork
ZNF287,RegNetwork
ZNF295,RegNetwork
ZNF300,TRRUST
ZNF334,RegNetwork
ZNF335,RegNetwork|TRRUST
ZNF337,RegNetwork
ZNF33A,RegNetwork
ZNF341,RegNetwork
ZNF350,RegNetwork|TRRUST
ZNF354A,RegNetwork
ZNF382,RegNetwork|DoRothEA-A-B-C|TRRUST
ZNF383,TRRUST
ZNF384,RegNetwork|DoRothEA-A-B-C
ZNF396,RegNetwork
ZNF397,RegNetwork
ZNF398,RegNetwork
ZNF408,RegNetwork
ZNF41,RegNetwork
ZNF410,RegNetwork|TRRUST
ZNF417,RegNetwork
ZNF423,RegNetwork|TRRUST
ZNF426,RegNetwork
ZNF434,RegNetwork
ZNF439,RegNetwork
ZNF44,RegNetwork
ZNF440,RegNetwork
ZNF444,TRRUST
ZNF446,RegNetwork
ZNF451,RegNetwork
ZNF461,RegNetwork
ZNF467,RegNetwork
ZNF471,RegNetwork
ZNF473,RegNetwork
ZNF488,RegNetwork
ZNF496,RegNetwork
ZNF510,RegNetwork
ZNF557,RegNetwork
ZNF558,RegNetwork
ZNF559,RegNetwork
ZNF567,RegNetwork
ZNF580,RegNetwork
ZNF581,RegNetwork
ZNF584,DoRothEA-A-B-C
ZNF585B,RegNetwork
ZNF587,RegNetwork
ZNF589,DoRothEA-A-B-C
ZNF592,RegNetwork|DoRothEA-A-B-C
ZNF593,RegNetwork
ZNF638,RegNetwork
ZNF639,RegNetwork|DoRothEA-A-B-C
ZNF644,DoRothEA-A-B-C
ZNF646,RegNetwork
ZNF653,RegNetwork
ZNF655,RegNetwork
ZNF670,RegNetwork
ZNF675,RegNetwork
ZNF679,RegNetwork
ZNF689,RegNetwork
ZNF7,RegNetwork
ZNF707,RegNetwork
ZNF709,RegNetwork
ZNF74,RegNetwork
ZNF740,DoRothEA-A-B-C
ZNF76,RegNetwork|TRRUST
ZNF764,RegNetwork
ZNF766,DoRothEA-A-B-C
ZNF8,RegNetwork
ZNF83,RegNetwork|DoRothEA-A-B-C
ZNF91,RegNetwork
ZNFX1,RegNetwork
ZNHIT3,RegNetwork
ZNRD1,RegNetwork|TRRUST
ZRANB2,RegNetwork
ZSCAN16,RegNetwork
ZSCAN21,RegNetwork
ZSCAN4,RegNetwork
